[
    {
        "name": "圖書館預計首頁 DEMO",
        "content": "Library Case",
        "author": "JasonXDD",
        "date": "September 24, 2014",
        "link": "Library_Demo/index.html"
    },
    {
        "name": "2016/07/11 全家澎湖旅遊",
        "content": "",
        "author": "JasonXDD",
        "date": "September 24, 2014",
        "link": "20160711_Faily_Travel/index.html"
    },
    {
        "name": "台北便利商店位置",
        "content": "Gmap實作，7-11/FamilyMart 台北便利商店位置",
        "author": "JasonXDD",
        "date": "September 24, 2014",
        "link": "711_in_Taipei/index.html"
    },
    {
        "name": "Bubble Chart",
        "content": "D3 sample bubble chart sample",
        "author": "JasonXDD",
        "date": "September 24, 2014",
        "link": "Bubble_Chart/index.html"
    },
    {
        "name": "Force Directed Graph",
        "content": "D3 sample Force Directed Graph sample",
        "author": "JasonXDD",
        "date": "September 24, 2014",
        "link": "Force_Directed_Graph/index.html"
    },
    {
        "name": "登入系統 Case",
        "content": "js template",
        "author": "JasonXDD",
        "date": "September 24, 2014",
        "link": "Login_Framework/index.html"
    },
    {
        "name": "Iframe 複製文字擷取",
        "content": "iframe copy test",
        "author": "JasonXDD",
        "date": "September 24, 2014",
        "link": "Iframe_Include_Test/index.html"
    }
]